<?xml version="1.0" encoding="UTF-8"?>
<project-private xmlns="http://www.netbeans.org/ns/project-private/1">
    <editor-bookmarks xmlns="http://www.netbeans.org/ns/editor-bookmarks/2" lastBookmarkId="0"/>
    <open-files xmlns="http://www.netbeans.org/ns/projectui-open-files/2">
        <group>
            <file>file:/E:/db%20project/Hotel%20Management/Hotel%20Management/Login_system/src/Logins/Login_s.java</file>
            <file>file:/E:/db%20project/Hotel%20Management/Hotel%20Management/Login_system/src/Logins/Bills.java</file>
            <file>file:/E:/db%20project/Hotel%20Management/Hotel%20Management/Login_system/src/Logins/Login.java</file>
            <file>file:/E:/db%20project/Hotel%20Management/Hotel%20Management/Login_system/src/login_system/Login_system.java</file>
            <file>file:/E:/db%20project/Hotel%20Management/Hotel%20Management/Login_system/src/java/actionEvent.java</file>
            <file>file:/E:/db%20project/Hotel%20Management/Hotel%20Management/Login_system/src/Logins/Display_Room_Data.java</file>
            <file>file:/E:/db%20project/Hotel%20Management/Hotel%20Management/Login_system/src/Logins/Facilities.java</file>
            <file>file:/E:/db%20project/Hotel%20Management/Hotel%20Management/Login_system/src/Logins/vkk.java</file>
            <file>file:/E:/db%20project/Hotel%20Management/Hotel%20Management/Login_system/src/Logins/Hotel_Bill.java</file>
            <file>file:/E:/db%20project/Hotel%20Management/Hotel%20Management/Login_system/src/Logins/Display_1.java</file>
        </group>
    </open-files>
</project-private>
